{
  "Source": "空白地图",
  "CreateVersion": "2.6.0.344498",
  "EditVersion": "2.8.0.459165",
  "OldEditCount": 0,
  "NewEditCount": 26,
  "OldComponents": [],
  "Account": "bhkkbhkk@163.com",
  "UserName": "Bite01",
  "UserId": "112069",
  "Id": "91641181f5774d3da3021e09901463f7",
  "EditType": 1,
  "IsMap": true,
  "CreateNew": false,
  "CodeEnable": false,
  "CanPublishResourceComponent": true,
  "EditName": "5-4 Computer4",
  "GameType": 1,
  "WorldType": 2,
  "Seed": "275051385488597106",
  "BlockNums": [
    0,
    0
  ],
  "BornPoint": [
    0,
    0,
    0
  ],
  "SaveBackMapPath": "C:\\MCStudioDownload\\work\\bhkkbhkk@163.com\\Cpp\\Map\\91641181f5774d3da3021e09901463f7",
  "SaveBackAddOnPath": "",
  "ResourceIds": [],
  "EditAddOnPaths": [],
  "EditMaterialPaths": [],
  "EditLogFilePath": "C:\\MCStudioDownload\\work\\editor\\edit.log",
  "ServerName": "EXPR",
  "StudioPort": 9818,
  "DCWebUrl": "https://x19apigatewayexpr.nie.netease.com",
  "ShowGuide": false,
  "AssertCacheDir": "C:\\MCStudioDownload\\EngineAssert",
  "ElkUrl": "https://x19mclexpr.nie.netease.com/client-log",
  "ShowGpuDriverTips": false,
  "StudioTempPath": "C:\\MCStudioDownload\\temp\\editorTemp",
  "EditorResourcePackPath": "C:\\Program Files (x86)\\Netease\\MCStudio\\data\\inner_res"
}