{
    "version": "1.2.0",
    "description": {
        "file_type": "bind",
        "model": "",
        "model_type": ""
    },
    "model": {
        "": {
            "bind": {
                "default": {}
            },
            "animation": {
                "": "default"
            },
            "sounds": {
                "default": []
            },
            "animation_speed": {}
        }
    },
    "editor": {
        "show": {
            "default": true
        }
    }
}