{
  "format_version": 1,
  "modules": [
    {
      "description": "",
      "type": "data",
      "uuid": "048c7135-5c7a-4ad8-bb61-466548ee08f8",
      "version": [
        0,
        0,
        1
      ]
    }
  ],
  "header": {
    "description": "",
    "name": "behavior_pack",
    "uuid": "9ffd9369-c14b-4203-b491-7ba91dc01d2f",
    "version": [
      0,
      0,
      1
    ],
    "min_engine_version": [
      1,
      18,
      0
    ]
  },
  "dependencies": []
}